Date,Actual,Basic_nn,Complex_nn,xgb,rf,Baseline
85808,6422.41,6534.99,6455.3086,6402.5576,7879.179163701813,6301.869
85809,6432.17,6709.8623,6565.117,6476.508,7884.710218169327,6471.3843
85810,6642.0,6795.2603,6652.1465,6685.2876,7884.710218169327,6581.9414
85811,6960.28,6979.135,6857.7676,6928.3857,7884.710218169327,6855.1294
85812,7320.87,7238.0254,7147.6714,7261.86,7884.710218169327,7181.296
85813,7700.4,7485.66,7430.3545,7690.6157,7973.409087057395,7536.647
85814,8026.47,7803.456,7774.387,8021.073,8007.325773979739,7878.195
85815,8340.17,8116.6084,8131.965,8342.002,8182.720581440045,8191.252
85816,8599.07,8415.158,8440.628,8634.541,8502.930059736529,8488.727
85817,8607.47,8784.319,8748.443,8853.634,8662.389496331101,8814.13
85818,8766.32,8874.264,8868.785,8974.159,8943.572523508292,8971.072
85819,8726.94,9001.364,8960.102,9001.581,9091.1655737061,9026.395
85820,8725.8,8967.223,8970.244,8947.765,9101.63541349426,9011.269
85821,8739.91,8957.113,8975.131,9116.933,9174.224047854868,8965.48
85822,8730.05,8983.911,8997.378,9055.979,9261.746598747888,8911.001
85823,8676.62,8992.547,8982.9375,9094.393,9328.547280037772,8902.646
85824,8706.94,8914.872,8919.57,9150.271,9344.873653538738,8872.3545
85825,8673.62,8880.938,8879.196,9142.31,9352.521324847248,8878.335
85826,8689.01,8824.548,8846.167,9204.044,9352.521324847248,8880.131
85827,8722.71,8780.431,8807.855,9140.174,9340.210333232437,8857.55
85828,8758.53,8737.817,8779.66,9159.826,9317.0932391661,8832.979
85829,8800.54,8709.013,8719.157,9101.221,9298.339892743748,8736.216
85830,8825.8,8661.517,8668.6875,9059.58,9298.339892743748,8676.117
85831,8841.9,8677.692,8644.243,9069.447,9298.339892743748,8638.907
85832,8718.52,8686.087,8606.543,9060.004,9305.987564052257,8605.868
85833,8692.14,8551.707,8505.065,9046.027,9305.987564052257,8550.224
85834,8643.35,8471.997,8435.31,8968.498,9266.07996286839,8494.543
85835,8510.24,8365.415,8345.624,8904.694,9259.524865851356,8399.712
85836,8348.76,8320.3125,8275.469,8779.45,9157.698360598744,8410.875
85837,8257.95,8226.196,8234.356,8724.458,8922.700869317334,8323.546
85838,8244.88,8148.523,8231.617,8641.708,8935.011860932147,8227.071
85839,8309.18,8129.452,8262.759,8552.492,9038.367321984815,8146.114
85840,8222.97,8036.5317,8201.1455,8351.292,8935.547440097374,8070.4355
85841,8068.83,7822.6772,8051.559,8175.199,8912.85668253723,7903.883
85842,7946.74,7659.466,7907.1304,8095.54,8895.22305535077,7697.3066
85843,7815.45,7663.0747,7850.496,8054.3784,8749.688412810952,7610.8784
85844,7753.92,7644.0254,7777.6357,7984.1895,8636.836033230798,7534.717
85845,7586.01,7669.8975,7717.5415,7844.5923,8348.09347361535,7552.9673
85846,7321.49,7559.164,7599.9673,7677.3125,8256.71669322549,7451.934
85847,7107.15,7352.766,7424.9087,7482.0547,8083.101331330411,7308.54
85848,6905.44,7152.8496,7160.105,7284.719,7987.460934273904,6931.818
85849,6685.05,7026.656,6931.9824,7111.5854,7949.500948506094,6667.522
85850,6420.49,6879.794,6742.7603,6799.0,7894.739940413614,6568.5557
85851,6235.78,6725.0493,6574.7183,6555.929,7881.990085272249,6237.1704
85852,6065.24,6561.7393,6434.515,6361.8696,7881.990085272249,5997.2573
85853,5992.03,6477.392,6335.1562,6276.1455,7879.179163701813,5873.4834
85854,5974.2,6416.945,6284.673,6229.0034,7879.179163701813,5901.1685
85855,5968.51,6406.209,6266.1924,6262.3105,7879.179163701813,6046.951
85856,6016.01,6444.4673,6283.5884,6270.598,7879.179163701813,5972.924
85857,6005.39,6636.1567,6358.1,6301.1685,7884.710218169327,6241.451
85858,6104.039999999999,6646.6753,6379.4395,6407.649,7884.710218169327,6219.4443
85859,6310.36,6693.2544,6459.191,6544.447,7884.710218169327,6315.732
85860,6617.23,6800.2617,6621.3496,6771.1465,7884.710218169327,6499.018
85861,6986.72,6962.5913,6890.586,7124.3047,7884.710218169327,6806.003
85862,7313.32,7171.3867,7243.746,7534.965,7884.710218169327,7141.4116
85863,7618.65,7417.9575,7636.346,7849.1514,7932.365113927021,7446.6514
85864,7902.21,7670.0977,7967.63,8246.279,8181.399620538764,7783.6265
85865,8118.4,7947.95,8245.395,8395.2295,8237.713272252522,8139.8833
85866,8240.1,8082.1406,8381.428,8491.065,8457.094832219273,8355.823
85867,8269.32,8220.211,8494.77,8548.309,8685.612134092642,8518.106
85868,8339.51,8267.165,8537.411,8573.6,8695.941113594794,8600.151
85869,8393.03,8273.792,8534.389,8612.004,8768.721077397386,8612.062
85870,8496.69,8336.404,8549.171,8605.443,8866.043673245144,8627.704
85871,8481.54,8330.05,8512.929,8577.639,8874.534733546427,8624.126
85872,8521.15,8292.474,8471.98,8556.125,8886.877716690202,8606.911
85873,8493.49,8233.545,8412.961,8595.085,8886.877716690202,8568.68
85874,8519.37,8176.715,8375.132,8565.891,8863.660366463413,8553.488
85875,8552.41,8151.654,8362.789,8589.583,8851.097252867203,8566.846
85876,8632.61,8147.3354,8349.286,8546.694,8871.308037771923,8533.286
85877,8756.16,8147.2236,8329.731,8594.45,8802.431854398174,8493.6455
85878,8774.66,8114.9976,8285.457,8564.747,8836.912096564754,8455.007
85879,8778.73,8126.0396,8276.124,8559.968,8830.769767924996,8426.311
85880,8775.16,8188.299,8283.864,8518.212,8824.322348503512,8434.899
85881,8886.59,8155.868,8245.442,8558.498,8824.322348503512,8397.505
85882,8863.23,8210.445,8266.815,8571.029,8749.058776569967,8443.248
85883,8849.15,8285.491,8292.138,8587.703,8792.770948261346,8502.496
85884,8777.13,8363.335,8299.725,8609.461,8724.723890759524,8591.351
85885,8628.47,8289.91,8273.521,8636.879,8670.162279430651,8556.835
85886,8714.02,8198.497,8272.817,8595.075,8656.427734497542,8485.915
85887,8820.83,8174.5737,8290.577,8582.648,8692.18298626596,8382.745
85888,8704.29,8090.4185,8241.704,8421.964,8727.168202275163,8250.045
85889,8432.96,7895.0225,8107.9185,8160.583,8624.334976858385,8032.079
85890,8294.08,7729.196,7971.8984,8037.147,8594.27139558697,7785.5107
85891,8008.26,7648.997,7860.916,7835.379,8624.66315964517,7637.9854
85892,7824.74,7512.583,7704.017,7775.3867,8506.125778819249,7428.503
85893,7572.87,7483.4414,7601.4966,7627.451,8246.883043056094,7387.781
85894,7315.62,7337.302,7440.6064,7469.31,8108.157787252619,7244.531
85895,7169.06,7168.961,7281.9717,7339.6333,8028.411266866121,7095.6743
85896,7028.37,7041.31,6930.0557,7195.926,7927.600897189102,6803.9546
85897,6882.56,6994.3687,6786.72,6987.579,7911.230467244271,6809.322
85898,6675.72,6865.961,6705.715,6776.436,7889.569967793102,6374.6885
85899,6509.74,6749.086,6601.967,6588.3926,7881.990085272249,6208.8306
85900,6433.63,6581.8164,6476.9434,6452.0605,7881.990085272249,6285.318
85901,6337.44,6470.3643,6393.097,6393.0044,7879.179163701813,6052.293
85902,6391.6,6460.438,6367.6777,6386.5234,7879.179163701813,6031.912
85903,6430.49,6444.179,6411.759,6477.388,7879.179163701813,6344.588
85904,6699.06,6561.4004,6493.232,6663.767,7879.179163701813,6469.324
85905,6909.91,7118.6865,6790.4263,6929.5786,7884.710218169327,6955.7095
85906,7506.36,7231.01,7014.654,7356.8423,7884.710218169327,7109.0093
85907,8082.77,7481.318,7471.141,7757.787,7893.313520230521,7434.5234
85908,8525.79,7827.946,8044.632,8220.608,7939.400282633616,7831.698
85909,9019.16,8267.505,8550.028,8677.441,7930.796980572421,8323.696
85910,9284.05,8696.303,8880.257,8982.833,8084.723219552031,8790.71
85911,9491.5,8970.327,9095.454,9337.009,8421.614773120675,9093.085
85912,9730.94,9126.936,9214.94,9610.632,8610.27933306736,9318.557
85913,9878.81,9265.43,9362.796,9827.998,8715.610231059458,9472.929
85914,9983.39,9304.064,9472.815,10021.666,8968.495843617402,9551.564
85915,10091.39,9412.637,9569.357,10082.648,9134.179298027726,9617.634
85916,10110.35,9423.613,9570.206,10040.102,9186.299464652258,9644.347
85917,10147.24,9436.956,9582.668,10078.114,9342.62178532004,9670.319
85918,10175.82,9471.955,9617.362,10080.202,9423.389625291937,9700.052
85919,10173.61,9417.044,9604.363,10089.574,9437.009055448603,9694.48
85920,10206.990000000002,9381.658,9598.287,10100.044,9440.04817228441,9665.587
85921,10277.8,9377.592,9592.694,10100.122,9426.89908243863,9678.024
85922,10316.92,9375.087,9569.534,10090.427,9369.402120769895,9681.878
85923,10343.71,9369.002,9536.996,10072.397,9316.455767296253,9643.679
85924,10320.83,9302.154,9481.326,10035.054,9309.585186267415,9599.364
85925,10394.41,9275.678,9457.324,10064.348,9281.483069222477,9557.355
85926,10425.31,9293.753,9436.185,9984.09,9281.483069222477,9526.572
85927,10389.64,9330.513,9420.76,10010.457,9295.217614155586,9530.619
85928,10280.01,9415.397,9418.199,9904.316,9308.96786484711,9536.688
85929,10109.29,9436.531,9364.247,9834.932,9316.657762374609,9525.938
85930,9720.02,9492.756,9322.439,9845.807,9273.326101093804,9569.589
85931,9469.66,9500.803,9243.558,9905.26,9292.209315780365,9579.617
85932,9099.85,9491.414,9135.849,9837.763,9279.736419828248,9607.89
85933,8935.96,9349.597,9012.29,9783.325,9279.736419828248,9513.938
85934,8966.7,9225.559,8955.538,9542.681,9266.001874895135,9409.508
85935,9020.98,9173.053,8945.637,9393.499,9250.764032948917,9260.349
85936,8850.09,9046.849,8852.6875,9107.8955,9258.74830534425,9080.344
85937,8575.67,8816.017,8654.609,8832.624,9030.629616738925,8826.012
85938,8547.27,8508.831,8378.52,8631.017,8744.969597131934,8509.021
85939,8319.89,8417.25,8256.229,8418.724,8705.503070378481,8346.948
85940,8234.43,8209.861,8046.5337,8420.778,8637.849996036279,8075.62
85941,8131.17,8189.191,7931.138,8242.88,8557.543405700733,7991.0674
85942,7867.710000000001,8052.7026,7773.839,8169.4233,8510.889469096363,7807.899
85943,7684.82,7877.9746,7606.1064,7986.728,8401.325525555165,7608.2617
85944,7537.42,7679.842,7434.7427,7808.1045,8134.064326682152,7383.1333
85945,7316.1,7553.3164,7279.4775,7611.258,7937.812625740519,7120.8857
85946,7013.65,7387.088,7131.1646,7328.6543,7889.569967793102,6894.315
85947,6763.3,7140.626,6909.5444,7105.642,7881.990085272249,6487.935
85948,6589.67,6871.566,6707.978,6824.4917,7881.990085272249,6234.231
85949,6487.090000000001,6764.585,6602.323,6681.4863,7879.179163701813,6211.7764
85950,6487.01,6675.2217,6551.236,6632.327,7879.179163701813,6141.7803
85951,6541.71,6663.9824,6558.8916,6658.824,7879.179163701813,6368.2993
85952,6794.49,6741.408,6679.1763,6823.651,7879.179163701813,6599.663
85953,7014.06,7132.938,7050.0225,7046.523,7884.710218169327,7110.204
85954,7609.12,7341.53,7392.3145,7557.3325,7893.313520230521,7314.9014
85955,8141.29,7824.843,8069.8965,8060.899,7939.400282633616,7785.8784
85956,8557.78,8513.663,8800.45,8467.328,7939.400282633616,8370.173
85957,8999.34,9086.366,9178.244,8944.689,8183.734775839869,8967.511
85958,9282.04,9550.8955,9414.728,9186.004,8460.269893597562,9393.484
85959,9467.68,9653.902,9508.869,9379.393,8651.416268027024,9609.378
85960,9750.84,9647.374,9584.489,9595.344,8901.973817046208,9716.798
85961,9921.29,9722.016,9741.659,9702.442,9031.125755389452,9793.126
85962,10009.28,9748.201,9853.512,9826.899,9182.163793594584,9852.149
85963,10074.03,9819.396,9907.13,9909.723,9318.822865541184,9919.985
85964,10158.35,9888.301,9930.772,9854.458,9389.757055584294,9955.942
85965,9896.09,9894.618,9917.722,9894.219,9490.29813707736,9963.887
85966,10200.14,9906.144,9943.122,9869.792,9539.418681073084,9988.323
85967,10183.76,9898.379,9964.882,9869.838,9617.934275367028,10045.339
85968,10236.08,9895.658,9941.956,9820.327,9603.69809742624,10032.307
85969,10258.76,9906.155,9925.611,9848.699,9590.89852180238,10040.725
85970,10266.99,9914.876,9925.515,9869.867,9587.019178812609,10057.616
85971,10249.209999999995,9930.522,9909.998,9830.13,9574.817965041711,10016.83
85972,10174.53,9914.4,9887.332,9870.988,9561.40988828787,9981.221
85973,10249.86,9874.024,9838.614,9891.448,9555.43793929688,9918.592
85974,10231.3,9890.3,9847.862,9896.319,9555.43793929688,9892.733
85975,10183.54,9909.792,9832.381,9846.899,9537.006565587497,9875.958
85976,10057.13,9928.093,9801.4375,9797.345,9566.660993670896,9853.294
85977,9916.61,9897.958,9726.208,9779.96,9547.95003684774,9820.012
85978,9594.68,9838.26,9598.332,9720.604,9538.14007068609,9799.073
85979,9385.62,9621.405,9345.082,9852.632,9552.907850556632,9647.811
85980,9083.01,9538.357,9199.28,9739.455,9537.229818222162,9597.083
85981,8929.99,9355.83,9052.178,9720.54,9527.016151194824,9429.009
85982,9013.56,9245.878,8995.698,9645.027,9504.04096829698,9294.255
85983,9099.69,9242.081,9036.13,9511.187,9484.54150423194,9188.496
85984,8854.170000000002,9151.076,8972.047,9270.983,9465.71400997165,9036.983
85985,8592.21,8887.179,8792.802,8974.211,9278.837133428891,8782.626
85986,8556.45,8582.594,8554.972,8837.191,9090.150615404084,8471.431
85987,8328.67,8504.273,8462.107,8676.107,8986.514178271731,8315.079
85988,8277.81,8319.142,8271.522,8620.974,8928.967814717054,8055.9775
85989,8125.42,8287.588,8173.223,8466.62,8753.700917756227,8001.5215
85990,7850.9,8178.298,8044.8457,8212.041,8538.30788696775,7822.955
85991,7648.91,7960.367,7858.275,8021.9824,8420.96907647147,7665.902
85992,7522.9,7719.7383,7659.3296,7816.362,8175.090273974308,7392.207
85993,7250.11,7574.358,7480.437,7620.567,7938.043997202693,7151.6157
85994,6983.95,7371.9795,7306.7607,7313.1875,7894.971311875787,6911.8345
85995,6678.93,7114.439,7055.98,7029.1816,7881.990085272249,6480.672
85996,6527.84,6868.7197,6863.3677,6707.597,7881.990085272249,6244.1304
85997,6451.08,6745.3657,6710.023,6604.698,7879.179163701813,6205.0728
85998,6482.67,6643.8457,6624.682,6585.448,7879.179163701813,6116.324
85999,6550.38,6632.028,6613.6636,6571.5806,7879.179163701813,6297.4946
86000,6803.68,6719.7544,6722.6094,6698.2466,7879.179163701813,6570.7095
86001,7060.84,7094.9775,7036.19,6910.549,7884.710218169327,7076.4287
86002,7542.92,7318.856,7372.528,7451.113,7884.710218169327,7300.1973
86003,8107.22,7778.1963,7992.6323,8011.292,7893.313520230521,7747.806
86004,8552.34,8407.317,8657.338,8537.671,7939.400282633616,8311.572
86005,9047.38,9010.75,9078.315,8992.465,8231.048961022638,8910.314
86006,9338.84,9500.763,9355.299,9314.791,8448.940149768723,9353.863
86007,9642.49,9591.658,9471.896,9586.484,8663.133800843529,9585.731
86008,9921.239999999998,9573.776,9553.377,9867.61,8925.014047872546,9697.5205
86009,10063.48,9645.245,9691.247,10029.137,9059.448385819574,9781.198
86010,10150.74,9689.853,9785.43,10162.282,9301.202329510275,9828.02
86011,10260.44,9804.624,9838.843,10226.185,9372.830086244394,9882.481
86012,10337.52,9829.7,9832.441,10271.598,9445.24505985258,9919.462
86013,10443.14,9831.913,9837.267,10317.793,9548.594118780677,9944.417
86014,10495.48,9864.37,9862.131,10321.133,9607.440195703508,9968.565
86015,10503.94,9802.941,9838.38,10340.614,9655.002953954649,9961.97
86016,10600.22,9760.479,9809.086,10415.556,9617.805460241132,9924.318
86017,10749.57,9763.474,9800.772,10430.118,9617.805460241132,9931.51
86018,10866.81,9797.452,9793.976,10439.038,9610.645030932295,9947.968
86019,10904.729999999998,9854.457,9802.357,10396.271,9574.092269147315,9947.423
86020,10891.05,9854.105,9802.418,10319.509,9561.08425018913,9931.316
86021,10960.73,9821.964,9775.375,10307.181,9553.596347739987,9887.726
86022,10920.08,9822.68,9765.315,10344.884,9553.596347739987,9849.42
86023,10923.9,9828.236,9749.547,10246.707,9547.641423721196,9842.792
86024,10803.46,9888.9795,9751.534,10186.563,9547.641423721196,9848.6
86025,10693.98,9902.023,9707.153,10125.279,9547.641423721196,9817.38
86026,10359.21,9861.924,9615.763,9867.278,9531.68912891979,9792.287
86027,10131.65,9697.396,9427.186,9827.955,9535.5447256729,9667.2295
86028,9854.9,9586.772,9268.538,9690.568,9516.637360870776,9619.097
86029,9647.02,9413.684,9145.04,9570.042,9486.802976121584,9477.754
86030,9634.84,9258.16,9069.544,9490.575,9404.990280098173,9323.266
86031,9688.24,9184.635,9043.963,9372.659,9401.531737911071,9152.396
86032,9447.12,9075.748,8964.78,9047.529,9380.766855146716,8992.157
86033,9113.39,8866.548,8828.755,8775.141,9201.179982669297,8771.035
86034,9038.3,8538.611,8591.558,8684.787,9079.50703208064,8446.519
86035,8744.73,8459.72,8499.039,8438.188,9026.247843796124,8285.903
86036,8602.71,8311.031,8343.871,8472.57,9005.911079791866,8055.1777
86037,8377.93,8328.533,8259.725,8300.227,8762.200249039472,7990.1973
86038,8126.06,8213.9375,8128.576,8104.25,8552.760549743824,7812.2705
86039,7883.01,8007.51,7963.4346,7972.4087,8430.75736298782,7675.8667
86040,7697.8,7775.431,7710.9663,7755.5137,8153.6441770027795,7387.667
86041,7454.8,7584.705,7500.7563,7551.0176,8001.777144875134,7186.296
86042,7124.84,7349.479,7302.7153,7299.807,7900.141284496299,6923.9683
86043,6924.24,7108.51,7089.1006,6931.9023,7881.990085272249,6516.0522
86044,6775.86,6835.553,6859.981,6747.3447,7881.990085272249,6244.7993
86045,6658.5,6702.663,6692.6714,6643.049,7879.179163701813,6142.2236
86046,6700.81,6606.6567,6605.3037,6650.794,7879.179163701813,6060.1514
86047,6729.53,6597.9644,6595.863,6669.6387,7879.179163701813,6227.1465
86048,6968.24,6673.1396,6693.538,6847.025,7879.179163701813,6514.786
86049,7165.2,7040.899,7005.6313,7151.636,7884.710218169327,7055.7915
86050,7764.98,7249.9443,7313.275,7699.6133,7893.313520230521,7286.157
86051,8301.17,7733.052,7943.969,8192.653,7948.894452200037,7767.822
86052,8652.23,8354.444,8606.368,8720.95,7948.894452200037,8336.786
86053,9112.000000000002,8950.1875,9055.061,9110.8545,8142.597025030251,8908.292
86054,9473.62,9452.34,9365.433,9380.038,8423.759287747065,9377.011
86055,9749.28,9618.607,9532.056,9467.382,8685.571576178752,9642.6875
86056,10047.51,9656.011,9618.251,9733.581,8955.121970905328,9781.957
86057,10199.95,9751.6455,9736.115,9822.04,9081.216413407828,9863.523
86058,10421.91,9750.81,9798.612,9889.817,9252.392418686844,9899.3955
86059,10504.25,9816.062,9837.052,10005.31,9382.38473006724,9957.663
86060,10467.54,9875.271,9827.049,10028.27,9464.369002870972,9987.831
86061,10474.48,9894.038,9819.513,10007.175,9564.391824058785,10013.876
86062,10425.8,9927.649,9850.753,9967.732,9623.984396429363,10053.8955
86063,10434.05,9924.745,9861.404,9965.127,9675.07930632377,10074.164
86064,10387.62,9908.121,9832.257,10001.181,9682.252316847034,10043.668
86065,10255.64,9929.467,9844.297,9908.669,9682.252316847034,10069.162
86066,10079.61,9920.132,9859.747,9990.493,9682.252316847034,10106.243
86067,10005.6,9961.208,9890.064,10042.676,9682.252316847034,10144.725
86068,9878.18,10004.999,9896.692,10095.719,9682.252316847034,10132.885
86069,9705.36,9977.537,9867.207,10064.406,9682.252316847034,10038.294
86070,9582.39,9965.628,9897.28,10101.479,9682.252316847034,10021.911
86071,9615.68,9992.793,9924.902,10077.825,9687.918672828537,10046.5205
86072,9572.51,10047.929,9919.696,10120.505,9680.133547281925,10067.186
86073,9594.129999999996,10052.915,9885.532,10059.173,9649.556699466217,10105.431
86074,9403.11,10060.751,9839.215,9861.16,9660.31570073132,10118.166
86075,9213.98,9936.252,9668.244,9805.273,9623.685313334225,9966.309
86076,8993.86,9876.101,9527.137,9556.113,9610.761378368725,9917.708
86077,8949.15,9716.773,9405.525,9506.976,9587.721209060186,9761.98
86078,8978.68,9561.422,9340.354,9543.974,9575.035853500944,9624.691
86079,8994.210000000001,9482.187,9336.477,9492.255,9550.236410249669,9479.115
86080,8781.87,9366.485,9269.934,9162.363,9529.203413144023,9285.348
86081,8530.68,9048.124,9077.929,8907.595,9445.268212631558,8958.013
86082,8483.23,8658.742,8819.193,8794.578,9213.292981780176,8564.743
86083,8245.1,8532.922,8702.466,8647.487,9038.089094447556,8363.066
86084,8215.07,8354.398,8529.911,8555.801,8981.144422178377,8094.1733
86085,8083.06,8326.927,8411.251,8390.493,8902.663023452136,8011.4478
86086,7847.47,8157.169,8250.788,8221.413,8827.829644912621,7804.0796
86087,7655.29,7932.418,8074.1978,8003.9053,8455.012423995942,7644.1963
86088,7456.220000000001,7683.853,7783.188,7791.982,8177.141878301075,7353.3438
86089,7226.490000000001,7525.7544,7583.745,7539.389,7971.7297011564815,7134.205
86090,6964.52,7345.3823,7423.783,7235.632,7922.468183578132,6901.711
86091,6727.05,7100.3135,7200.0366,6952.015,7909.486956974593,6520.279
86092,6546.17,6825.42,6953.554,6723.637,7909.486956974593,6273.8154
86093,6485.81,6702.8384,6784.6465,6609.212,7906.676035404157,6236.3184
86094,6449.02,6605.1133,6690.4517,6578.425,7906.676035404157,6163.554
86095,6545.72,6604.8564,6689.5137,6605.8506,7906.676035404157,6333.343
86096,6793.83,6692.8745,6789.043,6758.089,7906.676035404157,6640.124
86097,7014.99,7091.859,7118.245,7108.51,7912.207089871671,7178.9893
86098,7557.14,7324.466,7447.7,7615.3696,7912.207089871671,7442.1255
86099,8063.95,7789.8306,8027.819,8186.065,7920.810391932866,7885.3867
86100,8404.65,8408.476,8633.105,8624.38,8094.40453002745,8424.556
86101,8775.34,8930.267,9018.845,9015.893,8187.261771106387,8936.465
86102,9023.61,9403.539,9324.152,9329.252,8472.959163457628,9395.561
86103,9192.9,9592.895,9510.155,9440.27,8732.41838028283,9657.517
86104,9427.04,9748.148,9657.622,9781.696,8945.271782608868,9828.72
86105,9507.14,9929.407,9800.698,9913.848,9142.535766158124,9997.3
86106,9528.89,10038.232,9890.917,9993.289,9257.150177360889,10072.335
86107,9494.33,10103.308,9914.715,10098.263,9328.29069209533,10157.874
86108,9470.4,10101.907,9899.19,10031.009,9449.4557104426,10216.145
86109,9437.37,10087.457,9906.969,10038.602,9552.962448367309,10225.03
86110,9383.72,10127.41,9951.119,10113.516,9647.307975651378,10236.1875
86111,9375.24,10118.66,9962.5,10229.594,9667.43163501526,10251.93
86112,9385.37,10092.427,9939.473,10250.722,9674.604645538524,10230.526
86113,9357.67,10133.613,9946.955,10294.197,9682.252316847034,10281.228
86114,9340.12,10202.67,9978.198,10336.246,9682.252316847034,10352.735
86115,9305.39,10259.447,9971.919,10342.115,9682.252316847034,10376.142
86116,9321.899999999998,10287.27,9959.8,10258.11,9682.252316847034,10352.689
86117,9260.88,10279.256,9944.542,10090.78,9668.502066155508,10213.208
86118,9277.83,10261.519,9967.709,10031.597,9668.502066155508,10183.118
86119,9270.07,10206.996,9951.097,9900.59,9659.910578594569,10124.932
86120,9165.36,10179.773,9897.341,9806.012,9661.472766851914,10013.612
86121,9076.46,10014.662,9758.535,9727.235,9646.55220683313,9924.412
86122,8773.58,9879.996,9628.9795,9421.394,9641.702181557488,9827.76
86123,8617.1,9679.552,9425.889,9271.274,9628.231414350352,9647.145
86124,8501.93,9565.197,9245.95,9139.647,9621.070985041517,9529.793
86125,8360.43,9438.246,9123.612,9094.129,9600.540628303084,9351.586
86126,8420.27,9305.631,9066.595,9046.791,9575.035853500944,9238.086
86127,8542.9,9280.43,9081.968,9097.115,9498.486634899906,9126.827
86128,8353.83,9220.961,9043.981,8745.427,9421.509288510388,8982.939
86129,8175.34,8984.874,8889.79,8581.894,9296.39252197499,8719.897
86130,8191.65,8743.03,8717.814,8543.9375,9032.015358310684,8436.063
86131,8097.69,8722.724,8664.43,8475.114,9004.90093933552,8320.019
86132,8080.61,8626.289,8572.639,8484.659,8960.501571598756,8156.929
86133,7946.84,8602.741,8486.09,8309.433,8877.756100102319,8186.117
86134,7741.89,8436.615,8366.67,8147.042,8793.622557005241,8125.412
86135,7536.2,8136.663,8190.433,7909.4717,8403.999212839588,8005.977
86136,7320.33,7837.62,7843.894,7694.003,8241.752737649016,7647.565
86137,7097.55,7614.3154,7573.512,7435.372,8111.099413926932,7475.6504
86138,6795.59,7409.3164,7311.7026,7140.3433,7943.880369453868,6925.6226
86139,6507.03,7102.7373,7052.1777,6819.308,7909.486956974593,6652.2344
86140,6277.95,6867.696,6830.291,6598.073,7909.486956974593,6484.2256
86141,6164.62,6746.3755,6673.265,6498.757,7906.676035404157,6578.457
86142,6115.29,6647.4697,6577.979,6478.0796,7906.676035404157,6334.438
86143,6125.64,6598.708,6545.5986,6456.6104,7906.676035404157,6163.159
86144,6234.22,6605.0347,6571.1187,6539.0947,7906.676035404157,6409.2803
86145,6269.43,6811.077,6701.615,6591.8506,7900.789218896491,6419.4844
86146,6477.05,6912.5986,6801.458,6870.2305,7900.789218896491,6602.345
86147,6708.51,7120.7085,7020.906,7066.8516,7909.392520957685,6934.788
86148,7009.05,7431.4834,7348.945,7434.026,8082.98665905227,7313.142
86149,7362.78,7773.909,7647.5093,7849.9785,8074.383356991075,7670.436
86150,7761.16,8182.122,7985.1626,8302.23,8120.371177642541,8033.6733
86151,8027.79,8496.652,8299.937,8609.887,8277.519565042918,8389.165
86152,8333.36,8742.7295,8541.636,8906.165,8397.51562186779,8692.652
86153,8363.98,8996.211,8780.664,9007.294,8763.577382377376,8963.101
86154,8438.6,9039.483,8884.516,9122.39,9018.452560144082,9104.916
86155,8425.72,9120.995,8968.232,9103.621,9129.474706335744,9125.154
86156,8417.9,8975.897,8887.88,9057.826,9145.201356443264,9036.372
86157,8372.52,8969.785,8891.2705,9129.013,9241.218147760315,8933.801
86158,8343.37,9139.967,9021.15,9108.367,9309.64823240981,8966.15
86159,8242.85,9220.3545,9088.645,9120.117,9312.241869363104,9028.568
86160,8191.22,9236.75,9087.252,9084.0,9311.767208577854,9063.107
86161,8085.53,9257.496,9083.138,9065.402,9284.72444318528,9106.603
86162,8095.87,9231.129,9084.866,9095.719,9284.72444318528,9098.266
86163,8022.95,9166.794,9053.87,9068.513,9258.840999023132,9057.957
86164,8001.18,9107.566,9019.036,9091.937,9235.723904956798,9050.082
86165,7968.75,9054.272,8973.204,9090.767,9232.265901151464,9030.159
86166,7915.96,9078.74,8972.776,9147.77,9224.618229842954,8970.979
86167,7924.51,9160.412,8975.622,9154.963,9186.912640209706,8924.656
86168,7878.38,9185.524,8909.122,9083.841,9179.968464988704,8872.7295
86169,7902.41,9088.597,8788.274,9085.625,9124.881501737958,8785.45
86170,7880.48,9044.101,8728.792,9035.846,9075.763775639758,8799.564
86171,7825.889999999999,8922.125,8619.145,8999.011,9060.970527670324,8720.003
86172,7750.67,8889.621,8568.199,8902.212,8998.506421700253,8700.402
86173,7784.409999999999,8760.431,8508.05,8944.555,8917.834348945742,8580.091
86174,7887.17,8621.316,8484.971,8860.706,8906.965224135167,8479.836
86175,8004.28,8535.753,8490.314,8801.534,8936.018020694835,8362.957
86176,7936.47,8511.372,8487.882,8682.489,8936.018020694835,8303.305
86177,7801.48,8348.202,8360.517,8491.807,8918.7314036945,8154.1187
86178,7805.52,8160.439,8205.899,8349.89,8912.777034285966,7968.192
86179,7691.82,8090.7437,8128.7563,8102.108,8895.064698588467,7891.1567
86180,7689.13,7989.1523,8019.3003,8087.945,8758.25358187611,7765.037
86181,7490.91,7946.938,7928.6504,7855.331,8507.390576445338,7744.986
86182,7292.07,7785.704,7784.357,7660.9224,8214.85686449765,7616.4297
86183,7130.5,7540.048,7586.6562,7415.842,8038.290166002576,7460.1675
86184,6951.93,7298.9053,7273.0513,7211.9966,7933.7897294405475,7081.9927
86185,6746.36,7146.563,7018.728,7005.644,7911.230467244271,6803.0625
86186,6528.59,6992.2754,6822.401,6694.2295,7889.569967793102,6708.0376
86187,6302.6,6825.644,6640.6694,6458.8027,7881.990085272249,6372.192
86188,6177.52,6646.169,6490.6035,6370.297,7881.990085272249,6122.222
86189,6064.28,6553.6914,6378.4165,6240.3887,7879.179163701813,6020.9805
86190,6026.09,6484.8394,6319.756,6199.8633,7879.179163701813,6042.2324
86191,6010.92,6481.659,6304.5312,6229.6025,7879.179163701813,6111.2036
86192,6063.54,6521.6255,6320.6704,6259.1313,7879.179163701813,6124.95
86193,6058.15,6750.7856,6394.3735,6276.054,7884.710218169327,6274.474
86194,6191.25,6779.242,6414.516,6356.2104,7884.710218169327,6295.2383
86195,6330.44,6847.185,6494.58,6512.5215,7884.710218169327,6429.6636
86196,6530.91,6982.392,6657.9297,6695.2593,7890.852546809087,6625.1094
86197,6852.75,7173.409,6915.8237,7032.723,7907.9867391694015,6919.3
86198,7206.15,7414.164,7266.1846,7448.7617,7907.9867391694015,7286.4634
86199,7530.46,7662.459,7647.465,7752.2295,7955.641634927097,7623.814
86200,7775.96,7906.407,7977.058,8124.8857,8204.67614153884,7976.745
86201,7896.32,8157.1187,8238.392,8268.285,8247.255248319487,8333.595
86202,8000.609999999999,8284.155,8344.06,8446.878,8471.768051158153,8505.476
86203,8002.48,8459.1455,8477.336,8435.475,8722.173943111746,8652.113
86204,7995.14,8486.417,8521.698,8387.136,8758.891207643912,8703.047
86205,7956.5,8495.025,8556.887,8394.895,8857.355906754909,8672.776
86206,7913.89,8505.879,8577.479,8425.902,8901.99309077408,8712.574
86207,7899.66,8472.538,8575.272,8321.577,8880.147483701192,8733.475
86208,7816.56,8417.641,8548.159,8362.492,8873.367306720193,8711.927
86209,7779.56,8406.001,8522.085,8307.855,8842.833601170516,8707.92
86210,7732.75,8346.57,8455.805,8272.969,8777.51464021969,8721.136
86211,7691.95,8332.677,8450.899,8223.637,8821.231634171849,8765.067
86212,7724.62,8349.041,8460.835,8274.148,8814.998100561588,8750.166
86213,7773.62,8374.843,8479.665,8256.6,8730.124838825921,8692.703
86214,7829.24,8368.393,8487.178,8286.224,8769.404388171444,8704.723
86215,7901.53,8378.725,8481.803,8299.944,8781.967501767655,8723.261
86216,7896.73,8448.7705,8475.908,8358.57,8848.554302994047,8739.5205
86217,8015.38,8414.272,8402.46,8356.181,8848.611494706447,8706.995
86218,8035.49,8489.642,8422.318,8361.445,8864.022450147295,8718.98
86219,7899.25,8585.604,8447.174,8513.028,8866.439275333245,8731.575
86220,7871.62,8658.7705,8458.215,8489.98,8838.650274379752,8781.697
86221,7761.86,8568.014,8453.138,8523.948,8774.49759242318,8730.874
86222,7908.83,8442.202,8474.332,8555.672,8628.029737521198,8669.078
86223,8011.32,8360.815,8496.565,8541.641,8705.274017465914,8533.466
86224,7835.43,8341.554,8497.364,8391.766,8832.395059076747,8411.681
86225,7662.94,8215.884,8380.128,8214.76,8661.384772540167,8215.038
86226,7541.46,8036.612,8185.1025,8132.664,8672.237981051334,7976.0547
86227,7401.58,7936.0386,8073.814,7847.7285,8694.026443048338,7918.412
86228,7343.73,7825.2812,7942.1826,7866.5376,8536.077615108587,7724.827
86229,7096.93,7793.964,7837.677,7606.958,8263.232838628384,7655.302
86230,6912.599999999999,7604.9062,7665.4585,7441.811,8108.157787252619,7540.532
86231,6763.37,7391.631,7463.691,7246.338,8028.411266866121,7377.8545
86232,6647.430000000001,7226.347,7072.5137,7106.9,7927.600897189102,7064.082
86233,6516.18,7149.268,6899.9365,6974.422,7911.230467244271,7013.033
86234,6299.169999999999,6981.5835,6789.357,6726.9004,7889.569967793102,6557.0537
86235,6128.59,6820.459,6633.116,6523.4185,7881.990085272249,6338.9585
86236,6028.35,6638.673,6504.465,6406.2915,7881.990085272249,6239.2173
86237,5958.3,6535.646,6433.582,6357.164,7879.179163701813,5929.511
86238,6002.35,6524.886,6404.6255,6375.2427,7879.179163701813,6021.765
86239,6074.42,6504.568,6432.7104,6419.545,7879.179163701813,6201.1025
86240,6288.89,6648.105,6522.9272,6683.226,7879.179163701813,6324.132
86241,6474.6,7288.06,6816.031,6918.0073,7884.710218169327,7011.0713
86242,7037.19,7423.9834,7056.226,7373.9536,7884.710218169327,7167.5034
86243,7472.81,7726.1235,7537.295,7926.36,7893.313520230521,7500.731
86244,7831.14,8151.1675,8145.681,8328.302,7939.400282633616,7934.9194
86245,8273.23,8616.313,8593.388,8718.261,8046.517313188787,8451.179
86246,8483.84,9069.778,8889.895,8908.901,8174.644220923048,8937.644
86247,8642.09,9282.008,9036.233,9242.967,8420.109430451925,9223.002
86248,8832.59,9400.557,9147.243,9500.029,8676.639024246922,9425.349
86249,8886.34,9559.398,9331.292,9660.096,8757.965363366686,9597.041
86250,8953.04,9630.172,9462.375,9846.974,8908.068361392874,9680.941
86251,8895.42,9693.454,9521.977,9922.66,9012.112763671938,9741.188
86252,8814.05,9702.556,9524.555,9984.17,9109.314994544438,9781.815
86253,8859.51,9724.774,9544.331,10091.961,9294.154726891577,9821.113
86254,8790.49,9823.411,9628.039,10030.971,9362.21537242755,9888.082
86255,8710.35,9875.513,9683.148,10118.418,9377.359655757557,9910.098
86256,8742.52,9829.069,9662.116,10069.428,9431.192303131324,9895.221
86257,8710.06,9783.171,9652.497,10044.669,9417.547481585036,9901.361
86258,8741.63,9767.701,9635.733,10071.471,9431.192303131324,9914.873
86259,8719.3,9748.706,9634.928,10125.559,9431.192303131324,9915.358
86260,8696.34,9740.613,9635.622,10127.391,9424.321722102482,9876.793
86261,8682.23,9762.981,9631.463,10117.131,9471.715835259914,9799.89
86262,8627.67,9845.056,9670.721,10092.879,9471.715835259914,9785.396
86263,8681.53,9876.858,9667.666,10055.17,9484.43974124179,9800.623
86264,8636.14,9874.878,9627.998,9962.185,9523.200084016977,9797.656
86265,8621.97,9835.377,9577.83,9901.987,9523.200084016977,9794.645
86266,8563.8,9834.987,9526.27,9692.778,9513.390117855326,9792.669
86267,8468.08,9772.036,9384.59,9651.879,9523.428584893529,9716.817
86268,8342.91,9778.188,9282.983,9630.627,9488.708478916653,9729.241
86269,8272.79,9680.013,9187.5625,9582.19,9492.664421870428,9613.469
86270,8341.97,9519.296,9103.48,9493.084,9481.548049607818,9472.264
86271,8454.18,9491.883,9160.752,9365.28,9437.347616514324,9330.73
86272,8254.6,9479.931,9174.247,9107.22,9399.32950547248,9212.977
86273,8063.37,9315.112,9020.507,8748.338,9364.319090742514,8991.551
86274,8074.3,9022.088,8730.302,8698.108,9340.952593325195,8658.827
86275,7929.98,8860.738,8558.691,8495.703,9183.20053983255,8450.119
86276,7933.95,8604.885,8316.249,8425.159,8834.615216917915,8177.884
86277,7815.05,8471.601,8117.4434,8262.557,8580.973251664527,8081.266
86278,7651.3,8254.924,7913.548,8130.567,8510.889469096363,7915.982
86279,7476.88,8001.9644,7699.313,7966.0825,8401.325525555165,7756.3936
86280,7309.12,7779.892,7510.565,7739.646,8142.667628743346,7413.0244
86281,7082.17,7646.257,7350.9585,7501.3022,7983.899388143615,7237.588
86282,6784.33,7444.255,7185.4805,7159.938,7894.739940413614,7007.236
86283,6514.87,7194.029,6976.523,6940.2974,7887.160057892761,6662.3086
86284,6316.38,6949.3823,6806.322,6737.5923,7881.990085272249,6379.158
86285,6238.25,6842.4033,6698.052,6640.3687,7879.179163701813,6291.357
86286,6218.39,6742.0864,6630.421,6611.545,7879.179163701813,6261.368
86287,6258.9,6739.327,6639.912,6642.9253,7879.179163701813,6286.2173
86288,6383.17,6823.475,6738.522,6891.772,7879.179163701813,6579.8623
86289,6629.18,7243.6367,7064.022,7135.469,7884.710218169327,7113.461
86290,7124.8,7453.498,7355.382,7720.861,7884.710218169327,7334.9614
86291,7504.72,7944.293,7971.533,8217.257,7893.313520230521,7788.911
86292,7818.03,8605.529,8629.392,8606.863,7939.400282633616,8359.106
86293,8214.79,9190.41,9030.783,8937.005,8239.652263083832,8951.713
86294,8477.55,9677.0205,9302.385,9172.005,8505.078072494729,9434.799
86295,8635.2,9815.967,9439.559,9417.09,8637.187019376397,9690.793
86296,8830.08,9854.15,9537.044,9707.925,8942.957849336435,9831.669
86297,8908.15,9919.02,9680.17,9867.337,9082.98760334011,9928.666
86298,8996.45,9933.269,9778.623,10134.005,9288.164658961725,9980.532
86299,9057.71,10031.662,9866.514,10093.134,9390.110194176126,10004.509
86300,9028.99,10101.12,9908.805,10190.796,9436.953604437314,10036.666
86301,9049.88,10126.999,9901.331,10300.257,9560.130904371825,10063.531
86302,9104.0,10136.472,9912.901,10304.996,9604.453008878318,10122.373
86303,9067.62,10110.902,9919.366,10405.688,9638.413171802156,10161.847
86304,9056.06,10119.04,9911.372,10365.833,9645.586182325416,10183.946
86305,9096.56,10145.91,9913.484,10485.217,9645.586182325416,10178.299
86306,9131.08,10153.834,9926.321,10525.562,9645.586182325416,10181.462
86307,9125.28,10187.372,9935.628,10522.338,9645.586182325416,10157.273
86308,9155.2,10199.311,9929.761,10491.192,9637.938511016908,10119.213
86309,9186.66,10149.683,9886.368,10514.1045,9645.586182325416,10072.13
86310,9213.57,10138.454,9891.119,10512.887,9645.586182325416,10038.233
86311,9207.27,10128.93,9867.907,10515.802,9645.586182325416,10012.362
86312,9130.7,10134.688,9823.422,10338.976,9645.586182325416,9975.381
86313,9113.25,10091.575,9744.307,10249.497,9645.586182325416,9925.19
86314,8971.86,10022.961,9625.422,9943.371,9635.77621616377,9877.264
86315,8859.95,9823.905,9378.259,9763.602,9633.48948427712,9693.282
86316,8645.03,9670.55,9178.143,9537.618,9625.761942426772,9583.342
86317,8493.78,9410.936,8987.715,9501.017,9555.63375557894,9380.107
86318,8560.92,9226.013,8895.499,9479.734,9540.101310462063,9207.477
86319,8717.56,9182.09,8916.674,9327.504,9514.349738584477,9088.851
86320,8570.14,9167.675,8924.25,9022.106,9488.740448059734,8965.317
86321,8364.08,9017.916,8814.3125,8731.727,9447.85963638157,8742.886
86322,8358.88,8717.149,8587.544,8654.85,9404.624825336845,8438.346
86323,8173.38,8627.591,8496.443,8451.475,9348.800739955444,8291.45
86324,8141.36,8405.26,8312.797,8452.287,9023.879973338822,8078.506
86325,8005.51,8348.696,8196.476,8289.008,8624.586236723462,8025.3936
86326,7765.34,8209.689,8059.758,8154.3164,8510.889469096363,7903.394
86327,7584.75,7986.237,7875.019,8000.3228,8418.831957095052,7770.349
86328,7457.56,7740.283,7645.818,7758.948,8183.73636111146,7411.605
86329,7221.1,7591.187,7471.4697,7586.8716,7945.46029704903,7219.096
86330,6899.069999999999,7377.551,7296.838,7241.926,7894.739940413614,6966.2925
86331,6653.66,7142.4595,7086.426,6888.6436,7881.990085272249,6624.39
86332,6491.51,6880.362,6874.625,6647.666,7881.990085272249,6338.359
86333,6390.42,6757.414,6719.024,6533.9497,7879.179163701813,6235.4683
86334,6265.81,6660.5693,6633.888,6521.382,7879.179163701813,6183.3223
86335,6305.73,6656.066,6622.7686,6550.245,7879.179163701813,6199.9404
86336,6503.58,6742.7314,6716.183,6636.046,7879.179163701813,6496.068
86337,6721.31,7149.5757,7022.912,6918.2217,7884.710218169327,7034.9873
86338,7234.97,7363.7856,7323.2305,7335.3447,7893.313520230521,7257.4175
86339,7667.08,7855.5537,7935.5063,7838.5537,7924.583535695228,7747.262
86340,8028.34,8471.049,8539.674,8256.573,7939.400282633616,8303.146
86341,8418.28,9038.138,8936.418,8772.459,8239.652263083832,8888.261
86342,8672.72,9516.591,9213.676,9058.406,8561.977609103204,9370.449
86343,8820.19,9678.121,9379.3,9400.842,8670.246204578085,9625.406
86344,9140.89,9729.803,9487.834,9795.296,8929.355808619388,9774.191
86345,9252.4,9859.268,9659.71,10013.014,9078.968209697166,9902.443
86346,9326.41,9936.605,9769.597,10099.95,9301.86873142102,9991.1
86347,9419.97,10038.771,9819.676,10198.504,9390.12777375858,10010.163
86348,9429.88,10058.485,9829.401,10231.073,9444.441506886456,10028.69
86349,9361.47,10080.211,9860.932,10284.132,9552.483233063313,10093.834
86350,9440.05,10031.896,9811.616,10376.201,9604.453008878318,10093.63
86351,9401.53,10077.7705,9888.761,10393.632,9638.413171802156,10168.575
86352,9411.830000000002,10094.528,9879.308,10408.835,9645.586182325416,10192.148
86353,9418.360000000002,10136.052,9894.289,10454.233,9645.586182325416,10182.435
86354,9409.65,10178.091,9895.083,10469.16,9645.586182325416,10204.303
86355,9408.5,10205.843,9901.509,10414.736,9645.586182325416,10191.247
86356,9417.36,10199.933,9899.345,10386.7295,9645.586182325416,10158.464
86357,9400.7,10142.04,9873.125,10385.307,9645.586182325416,10095.574
86358,9420.58,10163.542,9893.676,10485.815,9645.586182325416,10068.082
86359,9425.64,10189.619,9885.977,10427.266,9645.586182325416,10072.219
86360,9387.78,10179.533,9832.339,10307.234,9645.586182325416,10015.99
86361,9350.03,10099.128,9728.69,10262.921,9639.63181291688,9911.0
86362,9078.049999999996,9984.128,9599.631,9976.02,9635.77621616377,9840.533
86363,8964.67,9748.648,9370.497,9863.501,9637.858640475068,9672.555
86364,8727.84,9618.703,9193.992,9747.933,9623.280780815792,9574.677
86365,8600.81,9405.87,9020.898,9614.196,9623.280780815792,9400.258
86366,8647.73,9223.105,8921.254,9547.922,9607.748335698916,9235.875
86367,8821.2,9197.737,8947.62,9462.949,9607.748335698916,9113.21
86368,8662.82,9211.408,8976.716,9124.541,9601.606007059156,9015.516
86369,8437.69,8990.493,8841.468,8920.2,9533.051189340298,8763.783
86370,8452.03,8662.26,8641.317,8800.41,9466.19593429273,8475.19
86371,8257.88,8564.797,8559.275,8601.81,9409.544204825384,8318.941
86372,8219.9,8363.434,8392.014,8488.21,9312.39186405714,8034.899
86373,8071.55,8308.268,8266.761,8293.562,9048.5081636285,7955.977
86374,7892.44,8132.088,8097.7324,8106.1484,8619.613728944514,7838.5474
86375,7706.32,7869.0283,7904.587,7915.509,8438.354625930084,7717.6597
86376,7531.92,7635.1104,7641.1064,7763.6987,8142.667628743346,7340.69
86377,7285.75,7513.0254,7474.2075,7494.8926,7983.899388143615,7147.3906
86378,6988.65,7312.2896,7299.3096,7153.232,7894.739940413614,6920.679
86379,6711.59,7090.016,7094.155,6881.7744,7887.160057892761,6544.206
86380,6540.52,6832.5415,6869.8394,6645.4453,7881.990085272249,6270.392
86381,6226.4,6720.145,6716.7935,6535.671,7879.179163701813,6150.7837
86382,6106.01,6628.2964,6633.6177,6521.679,7879.179163701813,6126.221
86383,6174.38,6630.1763,6640.912,6580.0967,7879.179163701813,6229.5625
86384,6659.3,6720.3545,6736.694,6741.419,7879.179163701813,6567.044
86385,6850.84,7134.487,7058.1133,7019.6953,7884.710218169327,7118.0522
86386,7237.6,7365.5894,7371.007,7600.257,7884.710218169327,7355.988
86387,7625.57,7824.6543,7913.2773,8082.551,7893.313520230521,7820.5186
86388,7951.15,8442.039,8492.543,8386.396,7944.229023973941,8369.16
86389,8322.68,9044.895,8919.1875,8824.437,8244.481004424157,8966.237
86390,8375.77,9538.417,9233.55,9015.998,8572.381554620275,9432.539
86391,8535.33,9701.852,9402.468,9376.44,8745.096137545337,9687.601
86392,9052.81,9767.379,9522.5,9791.033,8963.00834352954,9844.075
86393,9284.71,9857.845,9651.105,10046.146,9122.248604325818,9939.896
86394,9382.74,9903.343,9748.928,10102.109,9368.359680295896,10006.558
86395,9414.29,10007.335,9811.724,10251.037,9446.51349937742,10085.763
86396,9395.24,10133.237,9865.159,10311.404,9474.339006360253,10161.782
86397,9446.03,10231.742,9897.298,10354.963,9578.11911041829,10229.074
86398,9492.09,10289.518,9941.436,10356.716,9611.261391973008,10294.139
86399,9417.24,10281.624,9970.003,10278.245,9650.775250908442,10296.103
86400,9462.73,10244.542,9959.961,10334.077,9664.090590071464,10287.398
86401,9571.0,10266.073,9997.7295,10295.313,9663.90263084024,10401.326
86402,9678.82,10384.78,10055.149,10320.778,9661.480413074974,10425.255
86403,9752.48,10460.729,10061.48,10267.798,9657.948261431706,10357.285
86404,9795.83,10421.629,10029.416,10234.098,9658.26045729304,10349.688
86405,9902.1,10361.327,9983.174,10184.819,9658.97579584696,10204.821
86406,9983.670000000002,10374.746,10002.161,10165.478,9658.97579584696,10105.516
86407,10022.04,10331.848,9965.969,10142.596,9658.97579584696,10027.686
86408,9852.85,10265.732,9922.984,9933.865,9657.470453178208,9957.6045
86409,9692.01,10117.747,9805.643,9902.868,9651.328124538448,9915.892
86410,9377.38,10089.223,9699.961,9675.714,9670.15561879874,9837.1455
86411,9160.68,9963.3545,9494.129,9605.652,9658.97579584696,9686.318
86412,8884.48,9831.826,9321.06,9455.873,9658.97579584696,9636.895
86413,8762.61,9648.376,9189.397,9393.019,9651.328124538448,9445.999
86414,8779.73,9485.728,9110.744,9386.774,9658.97579584696,9266.757
86415,8803.41,9431.705,9132.698,9316.032,9658.97579584696,9136.76
86416,8581.93,9403.104,9151.703,9021.768,9651.328124538448,9055.804
86417,8344.19,9135.838,9011.269,8782.269,9636.37224772015,8852.907
86418,8337.73,8797.529,8793.438,8726.616,9539.317108548328,8606.149
86419,8159.43,8657.517,8675.535,8575.909,9522.843940386629,8458.69
86420,8183.59,8417.851,8491.383,8469.028,9441.882009515675,8233.93
86421,7990.73,8326.655,8346.629,8367.388,9281.425436896909,8151.337
86422,7710.7,8138.724,8174.6235,8242.22,9016.136601250577,8005.602
86423,7536.48,7899.552,7995.0693,7994.545,8600.726628097533,7893.58
86424,7323.849999999999,7631.8984,7752.276,7796.8374,8237.892782891102,7471.9985
86425,7106.37,7463.2495,7564.74,7555.144,7976.899673776993,7263.7437
86426,6790.73,7275.759,7384.5293,7200.969,7922.468183578132,7046.63
86427,6491.88,7041.9883,7154.437,6953.715,7918.090259035789,6702.672
86428,6345.46,6816.2666,6960.147,6736.0483,7965.06788894411,6428.817
86429,6261.84,6710.971,6812.68,6648.1543,7906.676035404157,6331.0015
86430,6231.54,6626.3413,6727.3105,6633.6084,7900.428137049489,6280.1426
86431,6266.55,6637.3667,6728.1763,6674.8374,7895.258164428977,6326.8647
86432,6393.26,6720.9043,6804.8364,6832.6094,7895.258164428977,6483.429
86433,6521.25,7113.727,7073.031,7151.301,7900.789218896491,6924.404
86434,6874.84,7324.471,7319.9873,7697.521,7909.392520957685,7184.066
86435,7223.34,7796.2295,7831.9966,8346.611,7964.973452927202,7664.707
86436,7522.5,8424.449,8387.973,8598.784,8043.147017099704,8243.03
86437,7857.72,8942.016,8737.885,8860.483,8258.701081037701,8747.431
86438,8182.68,9435.135,9050.819,9158.883,8577.046982846372,9171.082
86439,8310.38,9646.633,9264.564,9517.693,8719.259608158975,9445.673
86440,8552.06,9744.808,9411.592,9678.21,8960.968581275152,9610.421
86441,8786.4,9839.791,9567.227,9840.816,9091.728033427304,9724.924
86442,8836.05,9855.557,9663.092,9911.697,9315.928081032887,9786.851
86443,8844.94,9949.336,9748.57,9985.995,9401.66402697584,9869.581
86444,8801.08,9917.193,9717.435,10071.61,9449.268304577128,9880.544
86445,8824.74,9905.974,9719.88,10073.7,9545.419146515464,9887.673
86446,8776.08,10023.4,9799.038,10012.975,9620.13301508016,9969.518
86447,8698.47,10035.606,9813.294,9911.943,9641.78007846939,10024.553
86448,8637.95,10031.674,9800.258,10012.194,9650.987526408102,10033.793
86449,8581.53,10040.453,9789.855,9879.383,9644.845197768343,10025.243
86450,8582.74,10000.286,9753.584,9757.475,9633.48948427712,10011.922
86451,8570.41,9928.6875,9664.644,9708.928,9622.309661325344,9900.238
86452,8496.21,9822.963,9598.1,9697.639,9620.804318656594,9784.63
86453,8497.69,9698.189,9533.88,9728.066,9631.835931633892,9693.198
86454,8494.3,9638.671,9483.194,9759.242,9631.835931633892,9620.22
86455,8505.5,9577.579,9417.225,9860.5,9615.516902222602,9578.249
86456,8449.48,9578.534,9377.032,9844.821,9602.581101362512,9551.077
86457,8363.05,9559.254,9300.018,9791.596,9609.806201769674,9568.573
86458,8065.73,9574.233,9205.315,9628.511,9600.00066364643,9605.428
86459,7875.63,9441.858,8979.339,9597.809,9599.795217939443,9540.855
86460,7727.85,9322.997,8820.458,9482.801,9573.649296877917,9495.645
86461,7589.99,9102.963,8717.177,9433.705,9468.23846013839,9293.289
86462,7659.52,8932.294,8719.232,9409.717,9470.837110158647,9186.67
86463,7815.56,8858.631,8748.366,9239.377,9502.62664626243,9033.498
86464,7755.39,8860.411,8766.135,9041.344,9477.017355737691,8918.428
86465,7651.77,8708.389,8612.919,8703.676,9420.313417702542,8697.426
86466,7825.600000000001,8480.961,8372.65,8682.916,9372.326665030492,8395.472
86467,7777.42,8400.99,8274.655,8559.182,9284.52887619264,8302.281
86468,7850.93,8279.982,8140.193,8593.746,8983.003337978085,8154.9263
86469,7730.97,8260.524,8050.7925,8411.242,8666.565004101281,8161.683
86470,7538.29,8147.3325,7941.157,8302.964,8519.712345629277,8058.644
86471,7358.22,7923.525,7766.0835,8095.4414,8377.982799198659,7904.7065
86472,7141.33,7686.311,7588.647,7837.6733,8239.516330900778,7542.3677
86473,6870.62,7480.148,7385.913,7451.4585,8092.766469786514,7357.9507
86474,6557.8,7304.4165,7147.3174,7214.329,7939.428647289426,6987.6294
86475,6237.94,7041.369,6908.191,6862.196,7905.266606272324,6632.163
86476,6024.32,6834.2915,6704.769,6576.883,7905.266606272324,6463.269
86477,5871.85,6727.1816,6565.477,6460.733,7902.455684701888,6460.043
86478,5786.53,6642.007,6490.9146,6382.8604,7902.455684701888,6297.7397
86479,5751.73,6588.826,6457.8604,6311.9277,7902.455684701888,6137.811
86480,5788.46,6598.102,6481.648,6374.03,7902.455684701888,6352.825
86481,5770.23,6801.6206,6593.483,6442.5703,7907.9867391694015,6489.3623
86482,5889.09,6888.463,6638.355,6591.281,7907.9867391694015,6627.49
86483,6084.96,7086.145,6796.5776,6772.3354,7907.9867391694015,6928.384
86484,6314.61,7366.56,7031.896,7056.558,7907.9867391694015,7241.3955
86485,6624.32,7678.419,7296.3105,7445.2407,8021.998992918619,7593.005
86486,6938.78,8016.7324,7613.696,7882.1333,8021.998992918619,7976.5103
86487,7171.48,8283.995,7945.053,8265.452,8159.910340037023,8259.747
86488,7448.74,8517.254,8240.035,8577.873,8404.272803243044,8457.983
86489,7513.82,8769.203,8506.342,8735.908,8668.593523671883,8654.453
86490,7649.32,8803.39,8605.566,8854.312,8847.544854009046,8753.6875
86491,7660.83,8876.76,8705.111,8927.833,8916.539205358737,8871.146
86492,7652.79,8829.1875,8725.933,8952.525,9028.716760652538,8883.698
86493,7645.16,8806.166,8747.192,8884.31,9114.847361440976,8864.634
86494,7621.71,8799.883,8758.752,8830.999,9202.369912333996,8809.601
86495,7562.61,8762.547,8733.589,8770.288,9203.21330132677,8771.909
86496,7466.48,8701.599,8686.607,8708.308,9210.386311850032,8744.308
86497,7416.44,8705.734,8675.232,8685.455,9173.203198486726,8753.44
86498,7399.97,8657.848,8634.763,8681.799,9159.661232058896,8744.166
86499,7439.94,8631.166,8592.054,8721.351,9145.652959943647,8708.501
86500,7491.72,8553.445,8542.204,8690.74,9122.535865877311,8683.346
86501,7582.030000000001,8585.386,8551.033,8602.77,9154.802136378225,8718.786
86502,7679.559999999999,8677.332,8558.041,8657.101,9159.740800744856,8721.021
86503,7730.97,8744.247,8522.939,8594.134,9108.484065721248,8634.585
86504,7748.53,8680.728,8459.539,8588.343,9119.578819580584,8635.614
86505,7792.88,8552.195,8346.519,8583.604,9114.408846960072,8610.083
86506,7769.18,8572.096,8280.626,8538.473,9104.598880798423,8600.782
86507,7686.79,8480.7705,8186.42,8555.774,9057.464448797988,8592.941
86508,7690.13,8393.887,8137.889,8531.815,8969.126780846174,8567.855
86509,7643.39,8277.354,8115.0103,8546.852,8878.469681924098,8432.947
86510,7691.86,8150.9004,8084.479,8474.233,8788.279448408344,8328.163
86511,7913.18,8104.2363,8117.859,8371.87,8762.417073554965,8204.397
86512,7913.93,8134.5596,8178.9165,8258.015,8727.256875923542,8143.55
86513,7830.92,8037.4707,8084.014,8087.765,8797.1901385041,8032.3696
86514,7818.18,7922.474,7938.4595,8076.533,8601.524735455367,7915.5303
86515,7704.04,7863.6978,7833.4966,7953.0186,8589.213743840552,7853.6523
86516,7600.41,7769.451,7713.929,7899.7236,8463.582450079974,7725.025
86517,7330.45,7745.841,7635.3447,7718.973,8235.93679487599,7722.998
86518,7084.12,7631.2783,7506.6553,7483.591,8131.434308252693,7615.6973
86519,6889.6,7440.578,7340.282,7344.357,8051.687787866195,7488.1562
86520,6738.689999999999,7235.542,7135.1553,7169.4727,7950.877418189177,7072.7637
86521,6527.42,7090.2017,6898.9272,6988.8545,7934.506988244345,6701.973
86522,6273.82,6934.981,6698.0166,6731.4136,7912.846488793177,6579.247
86523,6089.680000000001,6764.905,6518.9556,6470.7983,7905.266606272324,6250.1123
86524,5960.58,6597.011,6383.269,6295.983,7905.266606272324,6009.801
86525,5856.78,6504.0146,6287.784,6222.9014,7902.455684701888,5890.3457
86526,5835.59,6440.6963,6239.39,6182.809,7890.358986653591,5915.1787
86527,5840.12,6435.3823,6223.575,6188.689,7890.358986653591,6025.682
86528,5880.34,6478.2017,6242.0327,6187.405,7879.179163701813,5946.042
86529,5887.42,6690.532,6311.3296,6198.5625,7884.710218169327,6174.935
86530,5914.26,6720.0557,6334.58,6216.9106,7884.710218169327,6201.6436
86531,6009.45,6784.2173,6407.6724,6368.508,7884.710218169327,6338.5044
86532,6283.77,6885.4697,6540.3296,6542.2715,7890.852546809087,6514.8784
86533,6521.74,7047.2456,6782.867,6813.064,7895.890041121104,6796.4316
86534,6802.18,7285.8076,7141.404,7127.091,7895.890041121104,7125.0356
86535,7082.23,7555.3394,7531.568,7604.7363,7938.507442566781,7466.302
86536,7389.64,7814.551,7847.331,7894.498,8079.484064837841,7832.6235
86537,7530.16,8090.0005,8112.373,8130.2783,8247.255248319487,8138.814
86538,7657.37,8211.486,8237.825,8351.867,8390.114901858638,8306.224
86539,7683.65,8298.014,8323.859,8406.53,8566.321603305783,8443.57
86540,7672.93,8311.636,8350.273,8524.386,8601.468334114632,8509.934
86541,7608.41,8325.558,8381.372,8545.006,8644.586273767796,8530.158
86542,7638.66,8333.243,8382.448,8483.051,8658.870212052558,8480.179
86543,7649.64,8347.487,8380.356,8520.887,8713.390843044539,8452.401
86544,7578.5,8285.1875,8314.122,8493.819,8575.86405159393,8444.475
86545,7546.46,8234.763,8273.923,8476.26,8621.997313652457,8473.075
86546,7561.52,8151.076,8206.05,8477.794,8606.551599818582,8454.14
86547,7648.72,8124.589,8188.602,8445.353,8621.997313652457,8434.36
86548,7789.5,8072.3794,8157.1606,8473.468,8637.302392308886,8416.983
86549,7900.1,8065.0337,8151.0034,8580.161,8628.852560350484,8406.132
86550,7949.53,8083.576,8157.6377,8647.633,8684.866945606062,8433.318
86551,8028.38,8089.4004,8136.889,8656.889,8757.392846714196,8436.304
86552,8018.38,8102.3394,8120.3076,8653.857,8782.888741616529,8451.459
86553,8090.36,8157.1646,8140.9355,8706.104,8782.888741616529,8518.088
86554,8042.96,8361.875,8247.034,8785.688,8773.078775454878,8582.2705
86555,8075.99,8501.096,8353.127,8907.351,8776.746412976769,8625.325
86556,7997.56,8576.9375,8432.418,8876.425,8811.40726150814,8742.066
86557,7960.86,8505.132,8415.491,8829.899,8784.364496115568,8622.907
86558,7920.99,8328.182,8362.537,8797.88,8773.184673163789,8518.989
86559,7809.85,8217.484,8359.027,8692.911,8710.502986236976,8469.761
86560,7669.21,8211.66,8359.15,8506.225,8778.221078857365,8405.5
86561,7457.21,8062.435,8246.018,8317.3125,8800.614926943932,8278.892
86562,7371.42,7880.9863,8057.4053,8093.8984,8674.551611832512,8102.555
86563,7301.89,7804.0693,7916.439,7903.1396,8619.493187024658,7961.9204
86564,7288.960000000001,7658.759,7720.5664,7902.0176,8512.268107459007,7706.5864
86565,7122.84,7641.95,7592.4155,7634.5024,8258.97974110439,7612.947
86566,6899.06,7504.1895,7419.735,7472.9243,8131.434308252693,7447.344
86567,6749.25,7340.693,7248.59,7304.2837,8051.687787866195,7284.7847
86568,6603.01,7208.115,7057.424,7121.5713,7950.877418189177,7050.4106
86569,6480.459999999999,7168.118,6953.6274,6959.7305,7934.506988244345,7022.5645
86570,6248.12,7025.427,6854.7217,6766.55,7912.846488793177,6550.282
86571,6069.5,6912.1836,6723.2275,6524.771,7905.266606272324,6414.161
86572,5934.84,6728.218,6586.0435,6340.1445,7905.266606272324,6288.0557
86573,5882.1,6605.0415,6512.8413,6238.7046,7902.455684701888,5996.199
86574,5866.820000000001,6579.27,6457.6514,6196.4653,7902.455684701888,6171.1465
86575,5855.07,6549.7627,6477.93,6233.158,7902.455684701888,6377.605
86576,5927.77,6699.9805,6555.3467,6360.764,7902.455684701888,6369.9556
86577,5962.73,7398.123,6837.804,6532.9316,7907.9867391694015,7057.3857
86578,6096.7,7530.25,6981.3193,6969.1226,7907.9867391694015,7167.7886
86579,6253.63,7858.576,7333.3955,7459.569,7907.9867391694015,7513.058
86580,6417.44,8279.358,7705.368,7644.3193,7907.9867391694015,7926.6416
86581,6701.19,8698.134,7930.8574,8073.384,7978.065325755165,8312.748
86582,7017.259999999999,9110.512,8196.562,8581.062,8140.039071735363,8688.1875
86583,7311.35,9331.164,8448.323,8794.643,8411.706388264873,8909.73
86584,7569.39,9459.154,8639.259,9038.315,8613.078251024348,9095.396
86585,7754.21,9580.053,8847.938,9169.056,8673.316953542659,9262.505
86586,7900.33,9593.942,8965.611,9295.436,8772.758001888758,9359.921
86587,7907.87,9658.574,9011.133,9398.921,8936.980081772685,9436.223
86588,7846.0,9664.367,8985.575,9321.041,9023.79890678792,9473.195
86589,7829.56,9652.221,8966.715,9354.643,9029.469345273155,9525.596
86590,7804.67,9670.841,8994.394,9327.455,9097.529990809137,9621.634
86591,7741.29,9630.057,8998.111,9369.189,9106.02105111042,9645.381
86592,7668.17,9574.477,8972.532,9354.024,9132.474332004793,9587.053
86593,7590.26,9512.917,8891.281,9358.835,9132.474332004793,9523.126
86594,7534.48,9474.51,8832.866,9359.439,9132.474332004793,9525.73
86595,7509.82,9421.431,8786.209,9340.151,9132.474332004793,9528.936
86596,7436.34,9369.216,8754.634,9371.215,9125.603750975952,9476.569
86597,7416.59,9359.946,8737.243,9370.129,9118.724081313265,9419.648
86598,7392.23,9411.835,8766.899,9341.902,9118.724081313265,9401.585
86599,7449.389999999999,9472.789,8789.383,9395.463,9118.724081313265,9419.832
86600,7494.35,9518.188,8787.748,9369.563,9132.474332004793,9447.652
86601,7652.02,9485.893,8714.203,9411.091,9132.474332004793,9433.046
86602,7580.76,9468.669,8680.422,9362.165,9122.664365843142,9440.96
86603,7564.26,9370.697,8569.492,9276.533,9122.823933744883,9403.753
86604,7527.94,9297.707,8433.73,9181.959,9123.969171543107,9412.38
86605,7448.47,9125.278,8379.726,9061.226,9105.258214719952,9269.695
86606,7465.46,8935.573,8385.804,8902.243,9105.258214719952,9097.295
86607,7488.76,8915.505,8556.326,8849.832,9102.83602310469,8952.678
86608,7396.71,8983.105,8673.836,8634.258,9092.034087956024,8903.9
86609,7278.71,8837.885,8505.709,8322.896,9040.326679549966,8744.864
86610,7350.37,8611.971,8235.146,8353.223,8956.29681604567,8465.214
86611,7314.45,8510.481,8075.567,8203.173,8784.47042558384,8293.339
86612,7349.17,8347.72,7850.4062,8121.513,8651.361660180057,8123.1797
86613,7238.12,8310.905,7691.044,8029.1655,8568.61618868362,8099.462
86614,7098.43,8158.757,7506.753,7932.222,8491.132014766068,7980.957
86615,7011.0,7952.19,7310.9155,7733.2393,8407.020908557673,7837.4204
86616,6872.28,7737.1714,7390.509,7696.2705,8155.223662134441,7512.4917
86617,6677.98,7605.327,7319.8223,7406.844,7955.919174120083,7351.585
86618,6424.16,7431.2666,7139.5684,7180.518,7912.846488793177,7118.395
86619,6154.94,7204.1924,6883.5405,6895.367,7905.266606272324,6771.6743
86620,5916.06,6951.943,6680.5103,6677.9375,7905.266606272324,6493.891
86621,5807.98,6835.84,6564.008,6479.52,7902.455684701888,6336.2754
86622,5752.8,6736.3833,6509.48,6516.662,7902.455684701888,6260.377
86623,5739.23,6737.9873,6530.508,6518.8184,7902.455684701888,6359.4727
86624,5791.86,6833.3774,6635.908,6590.9067,7902.455684701888,6522.608
86625,5824.880000000001,7273.8823,6967.5015,6741.3433,7907.9867391694015,7115.4688
86626,5954.07,7472.6133,7167.0396,7211.756,7907.9867391694015,7331.4478
86627,6095.31,7966.3813,7638.7227,7653.168,7916.590041230596,7779.5957
86628,6233.37,8533.0,8013.7964,7960.9937,7954.073501572496,8249.635
86629,6496.88,9019.311,8174.077,8472.629,8072.493100557422,8686.201
86630,6817.71,9466.508,8395.134,8774.399,8341.467675167283,9088.99
86631,7075.38,9581.758,8609.683,9029.664,8561.947574828217,9323.219
86632,7336.18,9562.572,8811.246,9150.416,8748.084926268299,9459.324
86633,7497.28,9621.464,9087.788,9230.576,8933.132995493486,9546.396
86634,7660.14,9617.944,9251.57,9296.529,9056.892806135982,9551.652
86635,7671.25,9672.328,9346.537,9461.552,9283.052935850164,9600.259
86636,7654.08,9653.753,9348.148,9528.772,9329.236710051791,9698.115
86637,7637.34,9628.298,9325.985,9477.96,9446.263041397797,9750.481
86638,7642.43,9538.15,9269.678,9465.167,9429.26540793354,9703.974
86639,7609.5,9531.739,9343.327,9477.14,9445.423002641432,9758.968
86640,7566.53,9490.665,9279.906,9486.622,9425.28173676003,9755.934
86641,7550.0,9483.237,9272.872,9489.576,9440.53826184994,9782.688
86642,7507.3,9446.821,9222.425,9525.884,9450.967648054646,9794.216
86643,7489.64,9459.675,9196.07,9584.201,9459.382909605323,9733.561
86644,7497.5,9398.771,9135.114,9525.758,9490.331424042604,9724.26
86645,7494.87,9333.618,9048.988,9579.156,9490.331424042604,9656.822
86646,7465.48,9277.361,9031.082,9569.158,9490.331424042604,9595.956
86647,7528.88,9237.406,8992.676,9544.697,9477.884445555152,9559.205
86648,7572.91,9234.322,8972.048,9606.9795,9490.542320624803,9530.109
86649,7692.02,9231.503,8920.545,9548.938,9490.542320624803,9524.73
86650,7677.02,9263.608,8891.162,9509.865,9456.007793875096,9496.619
86651,7660.48,9207.132,8803.107,9480.153,9482.9334668434,9418.899
86652,7547.3,9167.976,8726.74,9448.66,9346.022241303132,9478.074
86653,7516.93,8988.375,8629.5,9277.504,9265.379730954855,9374.891
86654,7528.04,8844.831,8592.345,9156.317,9169.044191349043,9236.071
86655,7566.97,8822.001,8655.634,9030.245,9207.931994927923,9112.376
86656,7521.69,8882.668,8717.488,8870.591,9196.635406403151,9032.576
86657,7386.430000000001,8693.123,8533.945,8589.784,9074.000937211262,8830.186
86658,7430.09,8482.566,8303.404,8563.18,8968.35206945387,8546.589
86659,7363.26,8466.665,8209.587,8353.009,8781.417638511113,8399.922
86660,7424.34,8309.702,8017.709,8346.922,8706.618494095928,8131.852
86661,7319.52,8314.046,7908.1753,8219.721,8565.563401610894,8072.1504
86662,7218.79,8203.014,7751.9673,8077.72,8472.82270260343,7899.44
86663,7089.71,7995.7793,7567.733,7949.966,8380.765190602118,7794.4517
86664,6951.23,7757.588,7522.1245,7751.4214,8155.756147087927,7451.234
86665,6785.66,7616.412,7393.105,7495.9927,7955.919174120083,7248.9204
86666,6503.35,7388.25,7170.8506,7247.7085,7912.846488793177,7014.728
86667,6239.24,7142.546,6919.7974,6930.908,7905.266606272324,6594.4805
86668,6053.69,6883.08,6711.7983,6706.6157,7905.266606272324,6288.291
86669,5943.77,6765.804,6600.097,6542.3765,7902.455684701888,6199.249
86670,5913.12,6680.307,6548.564,6415.2793,7902.455684701888,6089.14
86671,5933.59,6684.0254,6552.22,6469.259,7902.455684701888,6298.2534
86672,6052.69,6753.9365,6629.6553,6519.1206,7902.455684701888,6617.7627
86673,6148.39,7115.428,6860.6294,6762.171,7907.9867391694015,7120.2446
86674,6382.22,7261.553,7042.15,7140.698,7901.844410529642,7255.637
86675,6625.29,7666.6714,7464.9326,7570.118,7895.890041121104,7584.27
86676,6892.149999999999,8183.972,7930.5063,7979.8555,7884.710218169327,8068.326
86677,7229.43,8645.085,8226.871,8230.749,8049.216579557347,8550.18
86678,7578.59,9079.226,8509.704,8504.643,8230.385331307345,8885.036
86679,7890.6,9219.087,8723.716,8726.696,8526.943848456785,9173.92
86680,8237.79,9323.297,8924.2705,9146.161,8768.11516571861,9393.954
86681,8397.46,9418.717,9140.882,9270.859,8999.793788767978,9546.282
86682,8481.42,9396.971,9303.532,9375.857,9173.832429130129,9566.757
86683,8482.94,9484.167,9399.963,9469.447,9298.094056363449,9564.261
86684,8505.05,9563.759,9449.72,9497.782,9338.389965566776,9667.312
86685,8533.51,9567.5625,9460.172,9513.73,9463.427292350769,9732.217
86686,8550.9,9571.571,9503.451,9522.477,9513.704320876051,9769.715
86687,8569.37,9556.763,9552.511,9555.043,9549.123322856958,9827.987
86688,8612.92,9567.196,9543.431,9577.034,9566.766173168382,9828.068
86689,8636.83,9596.179,9541.637,9540.901,9548.64866207171,9819.713
86690,8627.98,9633.196,9570.608,9562.541,9559.118501859872,9841.867
86691,8670.67,9684.853,9597.618,9611.24,9559.118501859872,9849.567
86692,8762.38,9686.274,9586.847,9663.537,9566.766173168382,9844.699
86693,8845.01,9652.391,9566.965,9711.129,9566.766173168382,9834.991
86694,8624.53,9655.158,9572.397,9746.849,9566.766173168382,9811.693
86695,8690.72,9650.44,9546.832,9744.234,9559.118501859872,9753.797
86696,8831.45,9648.364,9504.468,9709.185,9568.630533643993,9716.82
86697,9056.48,9576.905,9416.3125,9616.388,9601.559503447472,9658.196
86698,8833.86,9530.691,9345.682,9508.239,9567.615553596585,9636.4375
86699,8720.14,9395.09,9201.777,9499.391,9506.420132123723,9572.755
86700,8523.91,9350.525,9069.946,9363.676,9493.76225705407,9570.124
86701,8393.19,9169.469,8914.617,9311.787,9493.76225705407,9456.906
86702,8365.29,8962.649,8800.35,9233.281,9493.76225705407,9255.246
86703,8449.5,8886.98,8798.959,9140.507,9371.27916035122,9081.284
86704,8286.6,8941.02,8854.254,8865.719,9387.547738694491,9054.558
86705,8034.34,8772.107,8719.28,8618.444,9315.068391247714,8861.695
86706,8079.88,8478.42,8486.836,8525.81,9314.831390047302,8542.921
86707,7910.98,8393.211,8366.963,8357.848,9186.544738955758,8360.837
86708,7913.39,8199.722,8154.928,8398.185,9006.765740173938,8109.5728
86709,7783.12,8133.63,8010.6406,8267.655,8911.012249719315,8053.4497
86710,7584.31,7989.4434,7840.011,8173.5356,8555.286492054627,7824.08
86711,7419.3,7783.82,7643.528,8029.398,8381.515291489337,7653.766
86712,7227.76,7561.6865,7488.2847,7779.0107,8106.084112658619,7360.794
86713,7017.83,7431.7505,7345.455,7573.719,7955.919174120083,7122.0317
86714,6765.24,7241.3687,7161.393,7221.8115,7912.846488793177,6870.6606
86715,6476.46,7015.439,6929.896,6907.75,7905.266606272324,6450.465
86716,6277.7,6789.1196,6742.5693,6668.445,7905.266606272324,6197.5063
86717,6137.21,6691.24,6621.875,6545.577,7902.455684701888,6144.3403
86718,6132.149999999999,6603.1445,6551.197,6518.4297,7902.455684701888,6078.2324
86719,6138.780000000001,6590.3984,6537.0376,6504.8804,7890.358986653591,6356.7065
86720,6263.38,6654.4062,6610.7324,6576.8794,7890.358986653591,6498.4556
86721,6288.74,7002.2783,6878.6123,6871.6567,7884.710218169327,7002.34
86722,6556.770000000001,7167.563,7089.098,7313.9824,7884.710218169327,7176.4707
86723,6771.33,7584.8906,7582.1143,7702.549,7884.710218169327,7624.1445
86724,7099.24,8119.925,8115.6006,8127.1914,7884.710218169327,8163.785
86725,7470.71,8603.95,8463.098,8508.551,8070.949944870324,8589.631
86726,7824.65,9041.657,8747.085,8678.119,8362.59094618117,8950.62
86727,8197.2,9231.246,8967.3125,8888.03,8489.53150435232,9204.372
86728,8559.68,9298.489,9125.549,9086.221,8821.476098615281,9396.41
86729,8755.74,9410.065,9317.8545,9290.262,8926.454318830345,9519.034
86730,8926.82,9376.526,9415.778,9456.473,9155.675103652671,9522.991
86731,9068.72,9452.358,9506.247,9527.603,9238.43826152659,9587.054
86732,9109.51,9535.706,9547.908,9522.445,9348.835481648988,9712.718
86733,9209.37,9543.664,9549.929,9511.486,9395.700655910492,9776.197
86734,9297.59,9510.779,9545.887,9530.167,9442.88156917239,9769.924
86735,9366.93,9495.36,9565.971,9566.772,9495.934198339752,9779.108
86736,9471.33,9507.754,9561.627,9682.33,9503.107208863015,9802.415
86737,9513.32,9502.202,9553.643,9625.848,9503.107208863015,9805.833
86738,9540.8,9429.737,9525.587,9606.593,9503.107208863015,9789.821
86739,9611.0,9351.412,9480.283,9580.581,9524.552566204373,9724.816
86740,9666.86,9300.178,9453.497,9580.741,9596.7877411297,9663.146
86741,9696.81,9241.874,9423.03,9606.924,9596.7877411297,9622.916
86742,9737.89,9187.305,9370.423,9644.308,9609.445616199351,9558.905
86743,9802.9,9158.349,9333.434,9697.481,9609.445616199351,9516.785
86744,9795.62,9212.808,9331.445,9697.972,9609.445616199351,9511.54
86745,9799.58,9240.617,9310.696,9683.112,9609.445616199351,9506.464
86746,9648.43,9302.904,9292.866,9633.516,9607.283321346213,9566.019
86747,9543.53,9200.438,9157.802,9609.271,9548.121306372224,9557.922
86748,9278.75,9169.889,9051.319,9643.457,9469.74380280714,9548.903
86749,9147.95,8996.876,8917.186,9636.437,9448.981332781255,9391.5625
86750,9120.15,8841.718,8842.665,9387.782,9388.590872974844,9280.986
86751,9165.36,8798.506,8837.534,9346.835,9363.019740420448,9142.005
86752,8973.219999999998,8855.996,8869.926,9097.584,9322.63006522384,9027.793
86753,8629.31,8676.825,8728.474,8855.3545,9295.86436706163,8827.339
86754,8619.51,8399.606,8502.853,8688.619,9205.302286695443,8549.722
86755,8397.69,8308.285,8378.105,8481.277,8856.645642094665,8401.349
86756,8324.83,8139.124,8171.4033,8402.3955,8660.610604515783,8112.096
86757,8094.35,8148.123,8055.53,8247.784,8548.429209250578,8012.387
86758,7859.68,8037.0425,7905.0923,8151.0254,8476.518731454798,7822.066
86759,7628.57,7837.9966,7716.542,8000.5166,8374.810821193581,7704.7256
86760,7384.33,7608.4307,7554.053,7848.6455,8166.861822201772,7386.9023
86761,7161.66,7439.38,7371.3535,7713.338,7967.024849233926,7186.9146
86762,6842.790000000001,7234.063,7164.5586,7372.839,7912.846488793177,6915.464
86763,6594.82,7017.2314,6941.3237,7131.19,7905.266606272324,6499.206
86764,6407.01,6782.937,6738.7354,6769.0312,7905.266606272324,6208.461
86765,6317.23,6674.8574,6608.1475,6572.6177,7902.455684701888,6083.5894
86766,6287.11,6565.24,6509.8403,6454.196,7902.455684701888,6014.454
86767,6295.38,6536.8975,6475.697,6428.7817,7902.455684701888,6165.549
86768,6388.81,6604.9917,6551.64,6498.789,7902.455684701888,6363.383
86769,6471.39,6994.73,6875.7466,6670.6006,7907.9867391694015,6926.848
86770,6735.13,7190.021,7113.4873,6888.7637,7907.9867391694015,7148.575
86771,6966.03,7551.036,7520.312,7315.6743,7907.9867391694015,7580.236
86772,7290.56,8019.4688,7936.9653,7832.549,7907.9867391694015,8007.747
86773,7657.11,8440.429,8243.021,8117.2705,7987.109435315228,8432.912
86774,8071.32,8850.114,8525.9375,8382.551,8329.269160112231,8803.922
86775,8310.48,8947.46,8705.742,8673.264,8512.808025352395,8988.315
86776,8776.38,8997.289,8880.651,8949.38,8677.137281666051,9134.531
86777,9111.1,9242.971,9179.24,9208.036,8885.258291277376,9296.773
86778,9348.81,9338.171,9340.013,9315.651,9098.79306192672,9378.162
86779,9540.17,9399.231,9394.191,9502.444,9135.564492014228,9430.635
86780,9718.88,9381.484,9383.124,9483.455,9310.869547573646,9490.709
86781,9865.339999999998,9331.774,9364.962,9513.549,9401.524878448216,9531.16
86782,9982.93,9313.895,9375.64,9511.744,9468.669711801256,9551.734
86783,10115.58,9264.192,9374.309,9480.618,9512.536295939131,9562.96
86784,10258.53,9218.92,9337.742,9428.454,9539.41351677811,9543.012
86785,10355.9,9251.944,9350.957,9458.06,9515.784689958624,9568.163
86786,10480.01,9317.351,9383.303,9371.368,9516.00157321908,9612.487
86787,10570.29,9395.3545,9414.655,9403.152,9467.766127738045,9632.335
86788,10656.38,9411.87,9426.997,9427.183,9518.001428350542,9629.427
86789,10719.21,9441.671,9439.283,9386.723,9495.182145877036,9631.162
86790,10809.53,9499.265,9454.732,9308.013,9422.946970951709,9619.735
86791,10863.9,9541.491,9469.8125,9306.071,9414.35548339077,9605.251
86792,10751.29,9544.415,9458.123,9369.558,9415.917671648112,9605.998
86793,10599.93,9437.875,9352.349,9445.186,9423.901308027753,9536.34
86794,10123.170000000002,9332.642,9225.828,9436.64,9502.601551778833,9468.613
86795,9765.85,9091.986,9002.388,9493.407,9485.599532439515,9316.229
86796,9412.64,8927.459,8842.101,9471.488,9409.911394494216,9254.316
86797,9046.0,8733.934,8710.675,9332.383,9216.255674068228,9107.036
86798,8831.98,8590.558,8626.093,9242.151,9122.33234993168,8947.93
86799,8824.88,8562.21,8621.526,9091.057,9031.068788655846,8826.05
86800,8580.86,8595.279,8631.621,8880.488,9111.491940962254,8749.044
86801,8419.29,8418.632,8475.072,8660.537,9017.777895188976,8551.206
86802,8557.6,8197.487,8273.298,8631.727,8936.569908516429,8305.864
86803,8449.54,8170.0854,8183.501,8355.722,8802.407569726445,8177.1543
86804,8508.16,8066.2017,8053.225,8375.62,8636.440675935586,7967.263
86805,8413.14,8113.789,7988.5957,8285.022,8547.893007440827,7948.13
86806,8173.79,7991.176,7853.603,8181.6035,8493.383037556476,7842.1626
86807,8063.359999999999,7741.216,7678.4204,8003.6436,8351.653491125857,7717.56
